id,label
20800,0
20801,1
20802,1
20803,0
20804,1
20805,1
20806,0
20807,1
20808,1
20809,1
20810,1
20811,1
20812,1
20813,1
20814,1
20815,0
20816,1
20817,0
20818,1
20819,0
20820,0
20821,1
20822,1
20823,1
20824,0
20825,1
20826,1
20827,1
20828,1
20829,0
20830,0
20831,0
20832,0
20833,0
20834,1
20835,0
20836,1
20837,1
20838,0
20839,0
20840,1
20841,1
20842,1
20843,1
20844,0
20845,1
20846,1
20847,1
20848,1
20849,1
20850,0
20851,1
20852,1
20853,1
20854,1
20855,0
20856,1
20857,0
20858,0
20859,0
20860,0
20861,1
20862,1
20863,1
20864,1
20865,1
20866,1
20867,1
20868,1
20869,1
20870,0
20871,0
20872,0
20873,0
20874,1
20875,0
20876,0
20877,0
20878,1
20879,1
20880,0
20881,1
20882,1
20883,1
20884,1
20885,1
20886,0
20887,0
20888,0
20889,1
20890,1
20891,0
20892,1
20893,1
20894,1
20895,1
20896,1
20897,1
20898,1
20899,0
20900,0
20901,0
20902,0
20903,1
20904,1
20905,0
20906,0
20907,0
20908,1
20909,1
20910,1
20911,0
20912,0
20913,0
20914,1
20915,1
20916,0
20917,0
20918,1
20919,1
20920,1
20921,1
20922,1
20923,1
20924,1
20925,1
20926,1
20927,1
20928,1
20929,0
20930,1
20931,1
20932,1
20933,1
20934,1
20935,0
20936,0
20937,1
20938,0
20939,1
20940,1
20941,0
20942,1
20943,1
20944,1
20945,0
20946,1
20947,1
20948,0
20949,0
20950,1
20951,0
20952,1
20953,0
20954,1
20955,0
20956,1
20957,0
20958,0
20959,1
20960,1
20961,1
20962,1
20963,1
20964,1
20965,1
20966,0
20967,1
20968,1
20969,0
20970,0
20971,1
20972,0
20973,1
20974,0
20975,0
20976,0
20977,1
20978,1
20979,0
20980,0
20981,0
20982,0
20983,1
20984,1
20985,1
20986,0
20987,1
20988,0
20989,1
20990,1
20991,0
20992,0
20993,0
20994,1
20995,0
20996,1
20997,0
20998,1
20999,1
21000,1
21001,1
21002,0
21003,1
21004,1
21005,0
21006,0
21007,1
21008,0
21009,1
21010,0
21011,1
21012,1
21013,0
21014,1
21015,1
21016,1
21017,1
21018,0
21019,0
21020,1
21021,1
21022,0
21023,0
21024,1
21025,1
21026,1
21027,1
21028,0
21029,1
21030,0
21031,1
21032,0
21033,1
21034,1
21035,0
21036,1
21037,1
21038,1
21039,0
21040,1
21041,0
21042,1
21043,0
21044,0
21045,1
21046,0
21047,1
21048,0
21049,1
21050,1
21051,1
21052,0
21053,0
21054,1
21055,0
21056,1
21057,1
21058,0
21059,0
21060,1
21061,1
21062,1
21063,0
21064,1
21065,1
21066,0
21067,1
21068,1
21069,1
21070,1
21071,1
21072,1
21073,1
21074,0
21075,0
21076,0
21077,0
21078,1
21079,0
21080,1
21081,1
21082,1
21083,1
21084,1
21085,1
21086,1
21087,1
21088,0
21089,1
21090,1
21091,0
21092,0
21093,0
21094,0
21095,0
21096,1
21097,0
21098,0
21099,0
21100,0
21101,1
21102,1
21103,1
21104,1
21105,0
21106,1
21107,1
21108,0
21109,0
21110,0
21111,1
21112,1
21113,1
21114,1
21115,1
21116,0
21117,0
21118,1
21119,1
21120,1
21121,1
21122,1
21123,0
21124,0
21125,1
21126,1
21127,0
21128,1
21129,0
21130,1
21131,1
21132,1
21133,1
21134,1
21135,1
21136,1
21137,1
21138,0
21139,1
21140,1
21141,0
21142,1
21143,0
21144,1
21145,0
21146,0
21147,1
21148,1
21149,1
21150,1
21151,0
21152,1
21153,0
21154,0
21155,1
21156,0
21157,1
21158,0
21159,1
21160,1
21161,0
21162,1
21163,1
21164,1
21165,0
21166,1
21167,1
21168,0
21169,0
21170,0
21171,1
21172,1
21173,1
21174,0
21175,1
21176,1
21177,1
21178,1
21179,0
21180,0
21181,0
21182,1
21183,1
21184,1
21185,1
21186,0
21187,1
21188,0
21189,0
21190,1
21191,1
21192,0
21193,0
21194,1
21195,1
21196,1
21197,0
21198,0
21199,1
21200,0
21201,0
21202,0
21203,1
21204,1
21205,0
21206,1
21207,0
21208,0
21209,1
21210,1
21211,1
21212,1
21213,0
21214,0
21215,0
21216,1
21217,0
21218,1
21219,1
21220,0
21221,0
21222,1
21223,1
21224,1
21225,1
21226,0
21227,0
21228,1
21229,1
21230,1
21231,1
21232,1
21233,0
21234,0
21235,0
21236,0
21237,1
21238,1
21239,1
21240,1
21241,0
21242,1
21243,0
21244,0
21245,1
21246,1
21247,0
21248,1
21249,0
21250,0
21251,1
21252,0
21253,0
21254,1
21255,0
21256,0
21257,1
21258,0
21259,0
21260,1
21261,1
21262,0
21263,0
21264,0
21265,1
21266,1
21267,1
21268,0
21269,1
21270,0
21271,0
21272,0
21273,1
21274,0
21275,0
21276,1
21277,1
21278,0
21279,1
21280,0
21281,1
21282,1
21283,0
21284,1
21285,1
21286,0
21287,1
21288,1
21289,1
21290,1
21291,1
21292,0
21293,1
21294,0
21295,0
21296,0
21297,1
21298,0
21299,1
21300,1
21301,1
21302,0
21303,1
21304,1
21305,1
21306,1
21307,0
21308,1
21309,0
21310,0
21311,1
21312,1
21313,0
21314,0
21315,1
21316,0
21317,1
21318,0
21319,1
21320,1
21321,0
21322,1
21323,1
21324,0
21325,1
21326,0
21327,0
21328,1
21329,1
21330,1
21331,1
21332,0
21333,1
21334,1
21335,1
21336,0
21337,1
21338,1
21339,0
21340,1
21341,1
21342,1
21343,1
21344,0
21345,1
21346,0
21347,0
21348,1
21349,0
21350,0
21351,0
21352,0
21353,1
21354,1
21355,0
21356,1
21357,1
21358,0
21359,1
21360,1
21361,1
21362,1
21363,0
21364,1
21365,1
21366,0
21367,1
21368,1
21369,0
21370,0
21371,1
21372,1
21373,0
21374,1
21375,1
21376,0
21377,1
21378,0
21379,1
21380,1
21381,0
21382,0
21383,1
21384,0
21385,1
21386,1
21387,1
21388,0
21389,1
21390,1
21391,1
21392,0
21393,0
21394,1
21395,0
21396,0
21397,1
21398,0
21399,1
21400,1
21401,1
21402,1
21403,1
21404,0
21405,1
21406,0
21407,1
21408,0
21409,1
21410,0
21411,0
21412,0
21413,1
21414,0
21415,1
21416,1
21417,1
21418,1
21419,1
21420,1
21421,0
21422,1
21423,0
21424,0
21425,0
21426,1
21427,1
21428,1
21429,0
21430,1
21431,1
21432,1
21433,1
21434,1
21435,0
21436,1
21437,0
21438,0
21439,1
21440,1
21441,0
21442,1
21443,1
21444,0
21445,1
21446,1
21447,1
21448,0
21449,1
21450,1
21451,0
21452,1
21453,1
21454,1
21455,0
21456,0
21457,0
21458,0
21459,1
21460,1
21461,0
21462,0
21463,1
21464,0
21465,0
21466,1
21467,0
21468,0
21469,0
21470,0
21471,0
21472,1
21473,0
21474,0
21475,0
21476,1
21477,1
21478,0
21479,1
21480,1
21481,0
21482,1
21483,1
21484,1
21485,1
21486,0
21487,1
21488,1
21489,0
21490,0
21491,1
21492,1
21493,0
21494,0
21495,1
21496,0
21497,0
21498,1
21499,1
21500,1
21501,1
21502,0
21503,1
21504,1
21505,1
21506,1
21507,1
21508,0
21509,0
21510,0
21511,1
21512,0
21513,1
21514,1
21515,0
21516,0
21517,1
21518,1
21519,1
21520,1
21521,0
21522,0
21523,1
21524,1
21525,1
21526,0
21527,0
21528,1
21529,1
21530,1
21531,1
21532,0
21533,0
21534,0
21535,1
21536,1
21537,1
21538,1
21539,0
21540,1
21541,1
21542,0
21543,1
21544,1
21545,1
21546,0
21547,0
21548,1
21549,1
21550,1
21551,1
21552,0
21553,0
21554,1
21555,1
21556,1
21557,1
21558,0
21559,1
21560,0
21561,0
21562,1
21563,0
21564,1
21565,1
21566,1
21567,1
21568,0
21569,1
21570,0
21571,1
21572,1
21573,1
21574,1
21575,1
21576,0
21577,0
21578,0
21579,1
21580,0
21581,0
21582,1
21583,1
21584,1
21585,0
21586,0
21587,1
21588,1
21589,1
21590,1
21591,1
21592,1
21593,1
21594,1
21595,1
21596,1
21597,0
21598,1
21599,1
21600,0
21601,1
21602,1
21603,1
21604,0
21605,0
21606,0
21607,1
21608,1
21609,1
21610,1
21611,1
21612,1
21613,0
21614,1
21615,0
21616,0
21617,1
21618,1
21619,0
21620,0
21621,1
21622,1
21623,1
21624,1
21625,0
21626,0
21627,1
21628,0
21629,1
21630,1
21631,1
21632,1
21633,1
21634,1
21635,1
21636,0
21637,1
21638,0
21639,1
21640,1
21641,0
21642,0
21643,1
21644,0
21645,1
21646,0
21647,1
21648,0
21649,0
21650,1
21651,1
21652,0
21653,1
21654,1
21655,0
21656,0
21657,1
21658,1
21659,1
21660,1
21661,1
21662,0
21663,0
21664,0
21665,0
21666,1
21667,1
21668,1
21669,1
21670,1
21671,0
21672,1
21673,1
21674,1
21675,0
21676,1
21677,1
21678,0
21679,0
21680,1
21681,1
21682,1
21683,1
21684,1
21685,0
21686,0
21687,1
21688,0
21689,1
21690,1
21691,0
21692,1
21693,1
21694,1
21695,0
21696,0
21697,0
21698,0
21699,1
21700,1
21701,1
21702,1
21703,0
21704,1
21705,1
21706,0
21707,1
21708,0
21709,1
21710,1
21711,1
21712,1
21713,1
21714,1
21715,0
21716,0
21717,0
21718,0
21719,1
21720,0
21721,1
21722,1
21723,1
21724,1
21725,0
21726,0
21727,0
21728,0
21729,1
21730,1
21731,1
21732,1
21733,1
21734,0
21735,1
21736,0
21737,1
21738,1
21739,1
21740,1
21741,1
21742,0
21743,1
21744,0
21745,0
21746,0
21747,1
21748,1
21749,1
21750,0
21751,1
21752,0
21753,0
21754,1
21755,0
21756,1
21757,0
21758,0
21759,1
21760,1
21761,1
21762,1
21763,1
21764,0
21765,0
21766,0
21767,0
21768,0
21769,1
21770,1
21771,0
21772,1
21773,1
21774,1
21775,1
21776,1
21777,1
21778,0
21779,1
21780,1
21781,1
21782,1
21783,1
21784,1
21785,0
21786,0
21787,0
21788,1
21789,1
21790,1
21791,0
21792,1
21793,0
21794,1
21795,0
21796,1
21797,0
21798,1
21799,1
21800,0
21801,1
21802,1
21803,1
21804,0
21805,0
21806,1
21807,1
21808,1
21809,1
21810,1
21811,1
21812,0
21813,1
21814,1
21815,1
21816,1
21817,0
21818,0
21819,0
21820,0
21821,1
21822,0
21823,1
21824,1
21825,0
21826,0
21827,0
21828,0
21829,1
21830,1
21831,1
21832,1
21833,1
21834,0
21835,1
21836,1
21837,1
21838,1
21839,1
21840,1
21841,1
21842,0
21843,1
21844,1
21845,1
21846,1
21847,1
21848,1
21849,0
21850,1
21851,0
21852,1
21853,1
21854,1
21855,0
21856,0
21857,0
21858,1
21859,0
21860,0
21861,1
21862,1
21863,1
21864,0
21865,0
21866,1
21867,0
21868,1
21869,1
21870,0
21871,1
21872,1
21873,0
21874,1
21875,1
21876,0
21877,0
21878,1
21879,1
21880,1
21881,1
21882,0
21883,0
21884,1
21885,1
21886,1
21887,1
21888,1
21889,0
21890,1
21891,1
21892,1
21893,0
21894,1
21895,0
21896,1
21897,0
21898,0
21899,1
21900,1
21901,1
21902,1
21903,1
21904,0
21905,1
21906,0
21907,1
21908,0
21909,1
21910,1
21911,0
21912,0
21913,0
21914,1
21915,1
21916,0
21917,0
21918,0
21919,1
21920,1
21921,1
21922,0
21923,1
21924,0
21925,1
21926,1
21927,1
21928,1
21929,0
21930,1
21931,0
21932,1
21933,1
21934,0
21935,1
21936,1
21937,0
21938,1
21939,1
21940,0
21941,0
21942,1
21943,1
21944,1
21945,1
21946,0
21947,1
21948,0
21949,1
21950,1
21951,1
21952,0
21953,0
21954,0
21955,0
21956,0
21957,1
21958,0
21959,0
21960,0
21961,1
21962,0
21963,0
21964,1
21965,0
21966,1
21967,1
21968,0
21969,1
21970,0
21971,1
21972,0
21973,0
21974,0
21975,1
21976,0
21977,0
21978,1
21979,0
21980,0
21981,1
21982,1
21983,1
21984,1
21985,0
21986,1
21987,1
21988,0
21989,1
21990,0
21991,0
21992,1
21993,1
21994,0
21995,1
21996,0
21997,0
21998,1
21999,1
22000,1
22001,1
22002,1
22003,1
22004,0
22005,1
22006,1
22007,1
22008,0
22009,1
22010,0
22011,1
22012,1
22013,0
22014,0
22015,0
22016,0
22017,0
22018,0
22019,1
22020,1
22021,0
22022,0
22023,1
22024,1
22025,1
22026,1
22027,0
22028,1
22029,1
22030,1
22031,1
22032,0
22033,1
22034,1
22035,1
22036,1
22037,1
22038,1
22039,0
22040,0
22041,0
22042,1
22043,1
22044,0
22045,1
22046,1
22047,0
22048,0
22049,1
22050,0
22051,0
22052,1
22053,0
22054,1
22055,1
22056,0
22057,1
22058,1
22059,1
22060,0
22061,1
22062,1
22063,1
22064,1
22065,1
22066,1
22067,1
22068,0
22069,1
22070,0
22071,1
22072,1
22073,1
22074,1
22075,1
22076,0
22077,1
22078,1
22079,0
22080,0
22081,0
22082,0
22083,1
22084,1
22085,0
22086,1
22087,0
22088,1
22089,1
22090,1
22091,1
22092,1
22093,0
22094,0
22095,0
22096,0
22097,0
22098,1
22099,1
22100,1
22101,0
22102,1
22103,1
22104,1
22105,1
22106,0
22107,0
22108,1
22109,0
22110,1
22111,1
22112,1
22113,1
22114,0
22115,1
22116,0
22117,0
22118,1
22119,0
22120,0
22121,1
22122,1
22123,1
22124,1
22125,0
22126,1
22127,1
22128,1
22129,1
22130,0
22131,0
22132,1
22133,1
22134,1
22135,0
22136,1
22137,1
22138,1
22139,1
22140,1
22141,1
22142,1
22143,0
22144,1
22145,0
22146,1
22147,1
22148,1
22149,1
22150,1
22151,0
22152,1
22153,1
22154,1
22155,1
22156,0
22157,0
22158,1
22159,1
22160,0
22161,1
22162,0
22163,1
22164,0
22165,1
22166,1
22167,1
22168,0
22169,1
22170,1
22171,0
22172,1
22173,0
22174,1
22175,0
22176,0
22177,1
22178,1
22179,0
22180,1
22181,1
22182,0
22183,0
22184,0
22185,1
22186,1
22187,0
22188,0
22189,1
22190,1
22191,0
22192,1
22193,1
22194,0
22195,1
22196,0
22197,1
22198,1
22199,0
22200,0
22201,0
22202,1
22203,1
22204,0
22205,0
22206,0
22207,0
22208,1
22209,0
22210,0
22211,1
22212,1
22213,1
22214,1
22215,0
22216,1
22217,0
22218,0
22219,1
22220,0
22221,1
22222,1
22223,1
22224,1
22225,0
22226,0
22227,1
22228,1
22229,1
22230,1
22231,0
22232,0
22233,1
22234,1
22235,0
22236,0
22237,1
22238,1
22239,1
22240,0
22241,0
22242,0
22243,0
22244,1
22245,1
22246,1
22247,1
22248,1
22249,0
22250,1
22251,1
22252,0
22253,1
22254,0
22255,1
22256,0
22257,1
22258,1
22259,1
22260,1
22261,0
22262,1
22263,1
22264,1
22265,1
22266,1
22267,0
22268,1
22269,0
22270,1
22271,0
22272,1
22273,0
22274,0
22275,1
22276,1
22277,1
22278,0
22279,1
22280,1
22281,1
22282,0
22283,0
22284,0
22285,1
22286,0
22287,0
22288,0
22289,1
22290,0
22291,0
22292,1
22293,1
22294,0
22295,1
22296,0
22297,1
22298,1
22299,1
22300,1
22301,1
22302,0
22303,1
22304,1
22305,1
22306,1
22307,0
22308,0
22309,0
22310,1
22311,1
22312,0
22313,0
22314,1
22315,1
22316,0
22317,1
22318,0
22319,1
22320,0
22321,1
22322,1
22323,1
22324,1
22325,1
22326,1
22327,1
22328,1
22329,1
22330,1
22331,0
22332,1
22333,1
22334,0
22335,1
22336,1
22337,1
22338,0
22339,1
22340,1
22341,0
22342,1
22343,0
22344,1
22345,0
22346,0
22347,1
22348,1
22349,1
22350,1
22351,0
22352,1
22353,1
22354,0
22355,0
22356,1
22357,1
22358,1
22359,1
22360,1
22361,0
22362,1
22363,1
22364,1
22365,1
22366,1
22367,0
22368,0
22369,0
22370,1
22371,1
22372,1
22373,1
22374,1
22375,0
22376,0
22377,1
22378,0
22379,1
22380,0
22381,1
22382,1
22383,1
22384,1
22385,1
22386,0
22387,1
22388,1
22389,0
22390,0
22391,1
22392,0
22393,1
22394,1
22395,0
22396,1
22397,1
22398,0
22399,1
22400,1
22401,1
22402,0
22403,1
22404,1
22405,1
22406,1
22407,1
22408,0
22409,0
22410,0
22411,1
22412,1
22413,1
22414,1
22415,0
22416,0
22417,1
22418,1
22419,1
22420,1
22421,0
22422,1
22423,0
22424,1
22425,0
22426,0
22427,1
22428,0
22429,1
22430,0
22431,1
22432,0
22433,0
22434,1
22435,1
22436,1
22437,0
22438,1
22439,0
22440,1
22441,1
22442,1
22443,0
22444,0
22445,1
22446,1
22447,1
22448,1
22449,1
22450,1
22451,1
22452,1
22453,1
22454,1
22455,0
22456,1
22457,1
22458,0
22459,0
22460,0
22461,1
22462,1
22463,1
22464,0
22465,1
22466,1
22467,1
22468,0
22469,1
22470,0
22471,1
22472,1
22473,1
22474,0
22475,1
22476,0
22477,1
22478,1
22479,0
22480,1
22481,1
22482,1
22483,1
22484,0
22485,1
22486,1
22487,1
22488,1
22489,1
22490,0
22491,1
22492,1
22493,1
22494,1
22495,1
22496,0
22497,1
22498,1
22499,0
22500,0
22501,0
22502,1
22503,0
22504,1
22505,1
22506,0
22507,1
22508,1
22509,0
22510,0
22511,0
22512,1
22513,0
22514,1
22515,0
22516,1
22517,1
22518,0
22519,1
22520,1
22521,0
22522,0
22523,1
22524,1
22525,1
22526,1
22527,1
22528,1
22529,1
22530,0
22531,0
22532,1
22533,0
22534,0
22535,0
22536,0
22537,1
22538,0
22539,1
22540,1
22541,0
22542,0
22543,0
22544,1
22545,1
22546,1
22547,1
22548,1
22549,1
22550,1
22551,0
22552,0
22553,0
22554,1
22555,1
22556,1
22557,1
22558,1
22559,1
22560,0
22561,1
22562,1
22563,0
22564,1
22565,0
22566,0
22567,0
22568,1
22569,0
22570,0
22571,1
22572,1
22573,1
22574,0
22575,1
22576,1
22577,1
22578,1
22579,1
22580,0
22581,0
22582,1
22583,0
22584,1
22585,1
22586,0
22587,0
22588,1
22589,0
22590,0
22591,0
22592,1
22593,0
22594,1
22595,1
22596,0
22597,0
22598,0
22599,0
22600,0
22601,1
22602,1
22603,1
22604,0
22605,0
22606,1
22607,1
22608,1
22609,1
22610,1
22611,0
22612,0
22613,1
22614,1
22615,1
22616,0
22617,1
22618,1
22619,0
22620,0
22621,1
22622,1
22623,1
22624,0
22625,1
22626,1
22627,1
22628,0
22629,1
22630,0
22631,1
22632,0
22633,0
22634,0
22635,1
22636,0
22637,0
22638,0
22639,0
22640,1
22641,0
22642,0
22643,0
22644,0
22645,1
22646,1
22647,1
22648,1
22649,0
22650,1
22651,1
22652,0
22653,1
22654,1
22655,1
22656,0
22657,0
22658,0
22659,1
22660,0
22661,1
22662,1
22663,1
22664,1
22665,1
22666,1
22667,0
22668,1
22669,1
22670,1
22671,1
22672,0
22673,0
22674,1
22675,1
22676,0
22677,1
22678,0
22679,0
22680,0
22681,1
22682,1
22683,1
22684,0
22685,1
22686,1
22687,1
22688,0
22689,1
22690,0
22691,1
22692,1
22693,0
22694,1
22695,0
22696,0
22697,0
22698,1
22699,1
22700,1
22701,1
22702,1
22703,1
22704,1
22705,0
22706,0
22707,1
22708,0
22709,1
22710,1
22711,1
22712,0
22713,1
22714,0
22715,0
22716,0
22717,0
22718,0
22719,1
22720,1
22721,1
22722,1
22723,0
22724,0
22725,1
22726,1
22727,0
22728,1
22729,0
22730,0
22731,0
22732,0
22733,1
22734,1
22735,0
22736,1
22737,1
22738,1
22739,0
22740,1
22741,1
22742,0
22743,0
22744,1
22745,1
22746,1
22747,0
22748,1
22749,0
22750,1
22751,1
22752,1
22753,1
22754,1
22755,1
22756,0
22757,1
22758,1
22759,1
22760,1
22761,1
22762,1
22763,0
22764,0
22765,1
22766,1
22767,1
22768,1
22769,0
22770,0
22771,1
22772,1
22773,1
22774,1
22775,0
22776,1
22777,1
22778,0
22779,0
22780,1
22781,1
22782,0
22783,1
22784,0
22785,1
22786,0
22787,0
22788,0
22789,0
22790,1
22791,0
22792,1
22793,1
22794,0
22795,0
22796,1
22797,0
22798,1
22799,1
22800,0
22801,1
22802,1
22803,1
22804,0
22805,1
22806,1
22807,0
22808,0
22809,1
22810,0
22811,0
22812,1
22813,1
22814,0
22815,0
22816,1
22817,0
22818,1
22819,1
22820,1
22821,1
22822,1
22823,0
22824,1
22825,0
22826,1
22827,1
22828,1
22829,1
22830,0
22831,1
22832,0
22833,0
22834,1
22835,1
22836,1
22837,0
22838,0
22839,1
22840,0
22841,0
22842,1
22843,1
22844,0
22845,0
22846,1
22847,0
22848,1
22849,1
22850,1
22851,1
22852,1
22853,0
22854,0
22855,1
22856,0
22857,1
22858,1
22859,1
22860,1
22861,1
22862,1
22863,0
22864,0
22865,0
22866,1
22867,0
22868,1
22869,1
22870,1
22871,0
22872,1
22873,0
22874,0
22875,1
22876,1
22877,1
22878,1
22879,1
22880,1
22881,1
22882,0
22883,0
22884,0
22885,1
22886,0
22887,1
22888,0
22889,1
22890,1
22891,1
22892,1
22893,0
22894,1
22895,1
22896,0
22897,0
22898,0
22899,0
22900,0
22901,0
22902,1
22903,0
22904,0
22905,0
22906,0
22907,0
22908,1
22909,1
22910,1
22911,0
22912,1
22913,1
22914,1
22915,1
22916,1
22917,1
22918,1
22919,1
22920,1
22921,1
22922,0
22923,1
22924,0
22925,1
22926,1
22927,1
22928,1
22929,1
22930,1
22931,0
22932,0
22933,1
22934,1
22935,0
22936,1
22937,1
22938,1
22939,0
22940,1
22941,1
22942,1
22943,1
22944,0
22945,0
22946,1
22947,0
22948,1
22949,1
22950,1
22951,1
22952,1
22953,1
22954,0
22955,1
22956,1
22957,1
22958,0
22959,0
22960,0
22961,1
22962,1
22963,1
22964,1
22965,1
22966,1
22967,1
22968,0
22969,0
22970,1
22971,1
22972,0
22973,0
22974,0
22975,0
22976,1
22977,0
22978,1
22979,1
22980,0
22981,0
22982,0
22983,0
22984,1
22985,1
22986,1
22987,1
22988,1
22989,1
22990,1
22991,1
22992,1
22993,1
22994,0
22995,0
22996,0
22997,0
22998,1
22999,1
23000,1
23001,0
23002,0
23003,1
23004,1
23005,1
23006,1
23007,0
23008,0
23009,1
23010,1
23011,1
23012,0
23013,0
23014,1
23015,0
23016,1
23017,0
23018,1
23019,0
23020,0
23021,1
23022,0
23023,0
23024,0
23025,1
23026,1
23027,0
23028,1
23029,0
23030,0
23031,0
23032,1
23033,1
23034,0
23035,0
23036,1
23037,1
23038,0
23039,0
23040,1
23041,1
23042,0
23043,1
23044,1
23045,0
23046,1
23047,0
23048,0
23049,0
23050,0
23051,0
23052,0
23053,1
23054,0
23055,1
23056,1
23057,0
23058,0
23059,1
23060,1
23061,1
23062,1
23063,0
23064,1
23065,1
23066,1
23067,0
23068,1
23069,0
23070,0
23071,0
23072,0
23073,0
23074,1
23075,1
23076,1
23077,1
23078,1
23079,1
23080,1
23081,1
23082,1
23083,0
23084,0
23085,0
23086,1
23087,0
23088,1
23089,0
23090,0
23091,0
23092,0
23093,0
23094,1
23095,0
23096,1
23097,0
23098,1
23099,0
23100,1
23101,1
23102,1
23103,1
23104,1
23105,0
23106,0
23107,1
23108,1
23109,0
23110,1
23111,1
23112,1
23113,1
23114,0
23115,0
23116,1
23117,0
23118,0
23119,1
23120,0
23121,1
23122,1
23123,1
23124,0
23125,0
23126,1
23127,1
23128,1
23129,0
23130,0
23131,1
23132,0
23133,1
23134,1
23135,1
23136,0
23137,1
23138,1
23139,0
23140,1
23141,1
23142,1
23143,1
23144,0
23145,1
23146,0
23147,1
23148,1
23149,1
23150,0
23151,1
23152,1
23153,1
23154,1
23155,0
23156,1
23157,0
23158,0
23159,1
23160,0
23161,0
23162,1
23163,1
23164,0
23165,1
23166,1
23167,1
23168,0
23169,1
23170,1
23171,0
23172,0
23173,0
23174,1
23175,1
23176,1
23177,1
23178,1
23179,1
23180,1
23181,1
23182,0
23183,1
23184,0
23185,1
23186,1
23187,1
23188,1
23189,0
23190,1
23191,1
23192,1
23193,0
23194,1
23195,0
23196,0
23197,0
23198,1
23199,1
23200,1
23201,0
23202,1
23203,1
23204,0
23205,0
23206,1
23207,0
23208,1
23209,1
23210,1
23211,0
23212,1
23213,1
23214,0
23215,0
23216,1
23217,1
23218,0
23219,1
23220,0
23221,1
23222,1
23223,1
23224,0
23225,1
23226,0
23227,0
23228,1
23229,0
23230,1
23231,0
23232,1
23233,1
23234,1
23235,0
23236,1
23237,1
23238,1
23239,0
23240,1
23241,0
23242,0
23243,1
23244,1
23245,1
23246,0
23247,0
23248,1
23249,1
23250,0
23251,1
23252,0
23253,0
23254,0
23255,0
23256,0
23257,0
23258,1
23259,1
23260,1
23261,0
23262,1
23263,0
23264,1
23265,1
23266,0
23267,1
23268,1
23269,1
23270,0
23271,1
23272,1
23273,1
23274,0
23275,1
23276,1
23277,1
23278,0
23279,0
23280,1
23281,0
23282,0
23283,1
23284,0
23285,1
23286,1
23287,1
23288,0
23289,1
23290,1
23291,1
23292,0
23293,0
23294,1
23295,1
23296,0
23297,1
23298,1
23299,1
23300,0
23301,0
23302,1
23303,1
23304,1
23305,0
23306,0
23307,1
23308,0
23309,0
23310,0
23311,1
23312,1
23313,1
23314,1
23315,1
23316,0
23317,1
23318,1
23319,1
23320,0
23321,1
23322,0
23323,1
23324,0
23325,1
23326,1
23327,0
23328,0
23329,0
23330,1
23331,1
23332,1
23333,1
23334,1
23335,1
23336,1
23337,1
23338,0
23339,1
23340,1
23341,0
23342,0
23343,0
23344,0
23345,0
23346,0
23347,0
23348,1
23349,0
23350,0
23351,1
23352,0
23353,1
23354,1
23355,1
23356,1
23357,1
23358,0
23359,1
23360,0
23361,1
23362,1
23363,1
23364,1
23365,0
23366,1
23367,0
23368,0
23369,0
23370,1
23371,1
23372,1
23373,1
23374,1
23375,1
23376,1
23377,1
23378,0
23379,0
23380,0
23381,0
23382,0
23383,1
23384,1
23385,0
23386,1
23387,0
23388,1
23389,1
23390,1
23391,1
23392,0
23393,0
23394,1
23395,0
23396,1
23397,1
23398,0
23399,1
23400,1
23401,0
23402,0
23403,1
23404,1
23405,1
23406,1
23407,1
23408,1
23409,1
23410,1
23411,0
23412,0
23413,0
23414,0
23415,1
23416,1
23417,1
23418,1
23419,1
23420,1
23421,1
23422,0
23423,0
23424,1
23425,0
23426,1
23427,1
23428,1
23429,1
23430,1
23431,1
23432,1
23433,1
23434,1
23435,1
23436,0
23437,1
23438,1
23439,0
23440,1
23441,0
23442,0
23443,1
23444,0
23445,1
23446,1
23447,0
23448,1
23449,0
23450,1
23451,0
23452,1
23453,1
23454,1
23455,1
23456,1
23457,0
23458,1
23459,1
23460,1
23461,0
23462,1
23463,0
23464,1
23465,1
23466,1
23467,0
23468,1
23469,1
23470,1
23471,1
23472,1
23473,1
23474,0
23475,1
23476,1
23477,0
23478,0
23479,1
23480,0
23481,1
23482,1
23483,1
23484,0
23485,0
23486,0
23487,0
23488,0
23489,0
23490,0
23491,1
23492,1
23493,0
23494,0
23495,1
23496,1
23497,0
23498,1
23499,1
23500,0
23501,0
23502,1
23503,1
23504,1
23505,1
23506,1
23507,1
23508,0
23509,1
23510,1
23511,0
23512,0
23513,0
23514,1
23515,0
23516,0
23517,1
23518,0
23519,1
23520,0
23521,1
23522,1
23523,1
23524,1
23525,1
23526,1
23527,0
23528,1
23529,0
23530,1
23531,0
23532,0
23533,1
23534,0
23535,0
23536,1
23537,0
23538,1
23539,0
23540,0
23541,1
23542,0
23543,1
23544,0
23545,0
23546,0
23547,0
23548,1
23549,1
23550,0
23551,1
23552,1
23553,0
23554,0
23555,1
23556,1
23557,1
23558,1
23559,0
23560,1
23561,0
23562,0
23563,1
23564,1
23565,0
23566,1
23567,1
23568,1
23569,0
23570,0
23571,1
23572,0
23573,0
23574,1
23575,1
23576,1
23577,0
23578,1
23579,1
23580,1
23581,0
23582,1
23583,0
23584,1
23585,1
23586,0
23587,1
23588,1
23589,0
23590,0
23591,1
23592,0
23593,1
23594,0
23595,1
23596,0
23597,0
23598,1
23599,1
23600,0
23601,0
23602,1
23603,1
23604,1
23605,0
23606,1
23607,0
23608,1
23609,0
23610,1
23611,1
23612,1
23613,0
23614,1
23615,1
23616,1
23617,1
23618,0
23619,0
23620,0
23621,1
23622,1
23623,0
23624,0
23625,1
23626,1
23627,1
23628,0
23629,1
23630,0
23631,1
23632,1
23633,0
23634,1
23635,1
23636,1
23637,0
23638,1
23639,0
23640,0
23641,0
23642,0
23643,1
23644,0
23645,1
23646,0
23647,0
23648,1
23649,1
23650,1
23651,0
23652,1
23653,1
23654,1
23655,1
23656,0
23657,0
23658,0
23659,1
23660,0
23661,0
23662,1
23663,1
23664,0
23665,0
23666,0
23667,1
23668,0
23669,0
23670,1
23671,1
23672,1
23673,1
23674,1
23675,0
23676,0
23677,1
23678,0
23679,1
23680,0
23681,0
23682,0
23683,0
23684,1
23685,1
23686,0
23687,1
23688,1
23689,1
23690,1
23691,0
23692,1
23693,0
23694,0
23695,1
23696,0
23697,0
23698,0
23699,1
23700,1
23701,0
23702,1
23703,0
23704,0
23705,0
23706,1
23707,1
23708,0
23709,1
23710,1
23711,1
23712,1
23713,0
23714,1
23715,1
23716,1
23717,1
23718,0
23719,1
23720,0
23721,0
23722,1
23723,0
23724,1
23725,1
23726,1
23727,0
23728,1
23729,0
23730,1
23731,1
23732,0
23733,1
23734,0
23735,0
23736,1
23737,1
23738,0
23739,1
23740,1
23741,1
23742,1
23743,1
23744,0
23745,0
23746,1
23747,0
23748,0
23749,1
23750,1
23751,1
23752,0
23753,1
23754,1
23755,0
23756,1
23757,1
23758,0
23759,1
23760,0
23761,1
23762,0
23763,0
23764,1
23765,0
23766,1
23767,0
23768,0
23769,1
23770,1
23771,0
23772,0
23773,0
23774,1
23775,0
23776,1
23777,1
23778,1
23779,1
23780,0
23781,0
23782,1
23783,1
23784,1
23785,0
23786,0
23787,1
23788,1
23789,1
23790,1
23791,1
23792,1
23793,0
23794,0
23795,1
23796,0
23797,1
23798,1
23799,0
23800,0
23801,1
23802,1
23803,0
23804,1
23805,1
23806,1
23807,0
23808,1
23809,0
23810,0
23811,1
23812,1
23813,1
23814,1
23815,1
23816,1
23817,0
23818,1
23819,1
23820,1
23821,1
23822,1
23823,1
23824,1
23825,1
23826,1
23827,1
23828,1
23829,0
23830,1
23831,0
23832,1
23833,0
23834,1
23835,1
23836,1
23837,0
23838,1
23839,1
23840,1
23841,1
23842,0
23843,1
23844,1
23845,1
23846,0
23847,1
23848,1
23849,1
23850,1
23851,1
23852,1
23853,0
23854,1
23855,1
23856,0
23857,0
23858,0
23859,1
23860,0
23861,0
23862,1
23863,1
23864,1
23865,1
23866,1
23867,0
23868,1
23869,1
23870,0
23871,1
23872,1
23873,1
23874,0
23875,1
23876,0
23877,1
23878,1
23879,0
23880,1
23881,1
23882,1
23883,0
23884,1
23885,1
23886,1
23887,0
23888,1
23889,0
23890,1
23891,1
23892,1
23893,1
23894,1
23895,1
23896,1
23897,1
23898,0
23899,1
23900,0
23901,0
23902,1
23903,0
23904,1
23905,0
23906,0
23907,1
23908,1
23909,1
23910,1
23911,0
23912,1
23913,1
23914,0
23915,0
23916,1
23917,1
23918,0
23919,1
23920,0
23921,1
23922,0
23923,1
23924,0
23925,1
23926,0
23927,1
23928,1
23929,0
23930,1
23931,1
23932,1
23933,0
23934,0
23935,0
23936,1
23937,1
23938,0
23939,1
23940,0
23941,1
23942,1
23943,0
23944,0
23945,1
23946,1
23947,1
23948,1
23949,0
23950,1
23951,1
23952,0
23953,0
23954,1
23955,1
23956,1
23957,0
23958,0
23959,1
23960,1
23961,0
23962,1
23963,0
23964,0
23965,1
23966,0
23967,0
23968,1
23969,1
23970,1
23971,1
23972,1
23973,0
23974,0
23975,0
23976,1
23977,1
23978,1
23979,1
23980,1
23981,0
23982,1
23983,0
23984,1
23985,1
23986,1
23987,1
23988,0
23989,0
23990,0
23991,1
23992,0
23993,1
23994,1
23995,1
23996,1
23997,0
23998,1
23999,1
24000,1
24001,1
24002,0
24003,1
24004,0
24005,0
24006,0
24007,1
24008,0
24009,1
24010,1
24011,1
24012,1
24013,1
24014,1
24015,0
24016,1
24017,1
24018,0
24019,0
24020,1
24021,1
24022,1
24023,0
24024,1
24025,1
24026,0
24027,1
24028,1
24029,1
24030,1
24031,1
24032,1
24033,1
24034,1
24035,0
24036,1
24037,0
24038,1
24039,1
24040,1
24041,1
24042,1
24043,1
24044,0
24045,1
24046,1
24047,0
24048,0
24049,0
24050,1
24051,0
24052,1
24053,0
24054,1
24055,1
24056,0
24057,0
24058,0
24059,0
24060,1
24061,0
24062,0
24063,1
24064,0
24065,1
24066,0
24067,1
24068,1
24069,0
24070,1
24071,0
24072,0
24073,1
24074,0
24075,0
24076,0
24077,1
24078,1
24079,1
24080,1
24081,0
24082,1
24083,0
24084,1
24085,0
24086,0
24087,1
24088,1
24089,0
24090,0
24091,1
24092,1
24093,0
24094,0
24095,1
24096,0
24097,0
24098,1
24099,0
24100,1
24101,1
24102,1
24103,1
24104,1
24105,0
24106,0
24107,1
24108,0
24109,0
24110,1
24111,1
24112,0
24113,0
24114,0
24115,1
24116,0
24117,1
24118,0
24119,1
24120,0
24121,1
24122,1
24123,1
24124,1
24125,1
24126,1
24127,0
24128,1
24129,0
24130,0
24131,1
24132,1
24133,1
24134,0
24135,1
24136,0
24137,1
24138,1
24139,1
24140,1
24141,0
24142,0
24143,1
24144,0
24145,0
24146,1
24147,0
24148,1
24149,1
24150,1
24151,1
24152,1
24153,0
24154,1
24155,0
24156,1
24157,0
24158,1
24159,1
24160,1
24161,0
24162,0
24163,0
24164,1
24165,0
24166,1
24167,1
24168,1
24169,1
24170,0
24171,1
24172,1
24173,1
24174,0
24175,0
24176,1
24177,1
24178,0
24179,1
24180,1
24181,1
24182,0
24183,1
24184,1
24185,0
24186,1
24187,0
24188,1
24189,0
24190,1
24191,1
24192,0
24193,0
24194,1
24195,1
24196,1
24197,0
24198,1
24199,0
24200,1
24201,1
24202,0
24203,1
24204,1
24205,1
24206,1
24207,1
24208,0
24209,1
24210,0
24211,1
24212,1
24213,1
24214,0
24215,1
24216,0
24217,1
24218,0
24219,1
24220,1
24221,0
24222,1
24223,1
24224,0
24225,0
24226,1
24227,1
24228,1
24229,1
24230,1
24231,1
24232,0
24233,1
24234,0
24235,1
24236,0
24237,1
24238,0
24239,1
24240,1
24241,1
24242,1
24243,1
24244,1
24245,0
24246,0
24247,1
24248,1
24249,1
24250,0
24251,1
24252,0
24253,0
24254,1
24255,0
24256,0
24257,0
24258,0
24259,1
24260,1
24261,1
24262,1
24263,1
24264,0
24265,0
24266,1
24267,1
24268,0
24269,0
24270,1
24271,1
24272,1
24273,1
24274,1
24275,1
24276,1
24277,0
24278,0
24279,0
24280,0
24281,1
24282,1
24283,1
24284,0
24285,0
24286,0
24287,0
24288,1
24289,0
24290,1
24291,1
24292,0
24293,0
24294,1
24295,1
24296,1
24297,1
24298,0
24299,0
24300,1
24301,0
24302,1
24303,1
24304,1
24305,1
24306,0
24307,1
24308,1
24309,1
24310,0
24311,0
24312,0
24313,1
24314,0
24315,1
24316,0
24317,1
24318,1
24319,1
24320,0
24321,1
24322,0
24323,1
24324,0
24325,1
24326,1
24327,0
24328,1
24329,1
24330,1
24331,1
24332,1
24333,1
24334,1
24335,1
24336,1
24337,1
24338,0
24339,1
24340,0
24341,1
24342,0
24343,0
24344,0
24345,1
24346,1
24347,1
24348,0
24349,1
24350,1
24351,1
24352,1
24353,1
24354,1
24355,1
24356,0
24357,0
24358,1
24359,0
24360,0
24361,1
24362,0
24363,1
24364,0
24365,0
24366,1
24367,1
24368,0
24369,1
24370,1
24371,0
24372,0
24373,0
24374,0
24375,0
24376,1
24377,0
24378,1
24379,1
24380,1
24381,1
24382,1
24383,0
24384,1
24385,0
24386,1
24387,0
24388,0
24389,1
24390,0
24391,1
24392,0
24393,0
24394,0
24395,1
24396,1
24397,0
24398,1
24399,0
24400,1
24401,1
24402,0
24403,1
24404,0
24405,1
24406,1
24407,1
24408,1
24409,1
24410,1
24411,0
24412,0
24413,0
24414,1
24415,0
24416,0
24417,1
24418,0
24419,0
24420,1
24421,0
24422,0
24423,1
24424,1
24425,1
24426,1
24427,1
24428,1
24429,0
24430,1
24431,1
24432,1
24433,1
24434,1
24435,1
24436,1
24437,0
24438,1
24439,0
24440,0
24441,1
24442,1
24443,0
24444,0
24445,1
24446,0
24447,1
24448,1
24449,1
24450,0
24451,1
24452,0
24453,1
24454,1
24455,1
24456,1
24457,1
24458,1
24459,1
24460,1
24461,1
24462,0
24463,1
24464,0
24465,1
24466,1
24467,1
24468,0
24469,1
24470,1
24471,1
24472,0
24473,1
24474,0
24475,1
24476,0
24477,1
24478,1
24479,0
24480,0
24481,1
24482,1
24483,1
24484,0
24485,1
24486,1
24487,1
24488,0
24489,0
24490,0
24491,1
24492,0
24493,0
24494,0
24495,1
24496,0
24497,0
24498,0
24499,1
24500,1
24501,0
24502,1
24503,1
24504,1
24505,1
24506,1
24507,0
24508,0
24509,1
24510,1
24511,1
24512,1
24513,0
24514,1
24515,1
24516,1
24517,0
24518,1
24519,1
24520,1
24521,0
24522,0
24523,1
24524,0
24525,1
24526,0
24527,0
24528,1
24529,0
24530,1
24531,1
24532,1
24533,0
24534,1
24535,1
24536,1
24537,1
24538,1
24539,0
24540,0
24541,0
24542,0
24543,0
24544,1
24545,1
24546,0
24547,0
24548,0
24549,1
24550,0
24551,1
24552,1
24553,0
24554,0
24555,0
24556,1
24557,1
24558,0
24559,1
24560,0
24561,1
24562,1
24563,1
24564,1
24565,1
24566,1
24567,0
24568,1
24569,0
24570,0
24571,1
24572,1
24573,1
24574,1
24575,1
24576,1
24577,1
24578,1
24579,1
24580,1
24581,0
24582,1
24583,1
24584,0
24585,1
24586,1
24587,1
24588,1
24589,0
24590,1
24591,0
24592,1
24593,0
24594,1
24595,0
24596,0
24597,1
24598,1
24599,1
24600,0
24601,1
24602,1
24603,1
24604,0
24605,1
24606,1
24607,1
24608,0
24609,0
24610,0
24611,1
24612,0
24613,1
24614,1
24615,1
24616,1
24617,0
24618,1
24619,1
24620,0
24621,0
24622,0
24623,1
24624,1
24625,0
24626,1
24627,0
24628,0
24629,0
24630,1
24631,0
24632,0
24633,1
24634,0
24635,1
24636,1
24637,1
24638,0
24639,0
24640,0
24641,1
24642,1
24643,0
24644,1
24645,1
24646,1
24647,1
24648,1
24649,0
24650,1
24651,0
24652,1
24653,0
24654,0
24655,1
24656,0
24657,0
24658,1
24659,1
24660,0
24661,0
24662,1
24663,1
24664,0
24665,1
24666,0
24667,1
24668,1
24669,0
24670,0
24671,0
24672,0
24673,1
24674,1
24675,0
24676,0
24677,1
24678,0
24679,0
24680,1
24681,0
24682,1
24683,1
24684,1
24685,1
24686,0
24687,0
24688,0
24689,0
24690,0
24691,1
24692,0
24693,0
24694,1
24695,1
24696,1
24697,1
24698,0
24699,0
24700,1
24701,0
24702,1
24703,1
24704,0
24705,1
24706,0
24707,0
24708,1
24709,0
24710,0
24711,0
24712,1
24713,1
24714,1
24715,1
24716,0
24717,1
24718,1
24719,0
24720,0
24721,0
24722,0
24723,1
24724,1
24725,1
24726,1
24727,1
24728,1
24729,0
24730,1
24731,0
24732,1
24733,1
24734,0
24735,1
24736,0
24737,1
24738,0
24739,0
24740,0
24741,1
24742,0
24743,0
24744,1
24745,1
24746,0
24747,1
24748,1
24749,0
24750,0
24751,0
24752,0
24753,0
24754,1
24755,0
24756,1
24757,0
24758,1
24759,1
24760,1
24761,0
24762,0
24763,0
24764,1
24765,0
24766,0
24767,1
24768,0
24769,1
24770,0
24771,1
24772,1
24773,1
24774,0
24775,1
24776,0
24777,1
24778,1
24779,1
24780,0
24781,0
24782,0
24783,1
24784,0
24785,0
24786,1
24787,0
24788,0
24789,0
24790,1
24791,0
24792,1
24793,1
24794,1
24795,0
24796,1
24797,0
24798,0
24799,0
24800,1
24801,0
24802,1
24803,0
24804,1
24805,1
24806,1
24807,1
24808,1
24809,1
24810,0
24811,1
24812,0
24813,0
24814,1
24815,1
24816,0
24817,1
24818,0
24819,1
24820,1
24821,1
24822,1
24823,1
24824,1
24825,1
24826,1
24827,0
24828,1
24829,0
24830,0
24831,1
24832,0
24833,1
24834,1
24835,1
24836,0
24837,0
24838,1
24839,1
24840,1
24841,1
24842,1
24843,0
24844,0
24845,1
24846,0
24847,1
24848,0
24849,1
24850,0
24851,1
24852,1
24853,1
24854,0
24855,1
24856,0
24857,1
24858,1
24859,0
24860,0
24861,0
24862,0
24863,1
24864,1
24865,1
24866,1
24867,1
24868,1
24869,1
24870,1
24871,1
24872,1
24873,1
24874,1
24875,0
24876,1
24877,1
24878,0
24879,0
24880,0
24881,1
24882,0
24883,1
24884,1
24885,0
24886,0
24887,1
24888,1
24889,1
24890,1
24891,1
24892,0
24893,1
24894,0
24895,1
24896,1
24897,0
24898,1
24899,0
24900,1
24901,0
24902,1
24903,1
24904,1
24905,0
24906,0
24907,0
24908,1
24909,1
24910,1
24911,0
24912,1
24913,1
24914,0
24915,0
24916,0
24917,1
24918,1
24919,1
24920,1
24921,0
24922,1
24923,1
24924,1
24925,1
24926,1
24927,0
24928,0
24929,0
24930,1
24931,1
24932,1
24933,1
24934,1
24935,0
24936,0
24937,1
24938,1
24939,1
24940,1
24941,0
24942,1
24943,1
24944,0
24945,1
24946,1
24947,0
24948,1
24949,0
24950,1
24951,0
24952,1
24953,1
24954,1
24955,0
24956,1
24957,1
24958,0
24959,0
24960,0
24961,1
24962,0
24963,0
24964,0
24965,0
24966,1
24967,1
24968,1
24969,1
24970,1
24971,1
24972,1
24973,1
24974,1
24975,1
24976,1
24977,1
24978,0
24979,0
24980,0
24981,1
24982,0
24983,0
24984,1
24985,1
24986,1
24987,0
24988,0
24989,0
24990,0
24991,0
24992,0
24993,0
24994,0
24995,0
24996,1
24997,0
24998,1
24999,1
25000,1
25001,1
25002,1
25003,1
25004,0
25005,1
25006,0
25007,1
25008,1
25009,1
25010,0
25011,1
25012,1
25013,1
25014,1
25015,0
25016,0
25017,1
25018,1
25019,1
25020,0
25021,0
25022,1
25023,1
25024,1
25025,1
25026,1
25027,0
25028,1
25029,0
25030,1
25031,1
25032,1
25033,0
25034,0
25035,0
25036,1
25037,1
25038,0
25039,1
25040,0
25041,1
25042,0
25043,1
25044,0
25045,1
25046,1
25047,0
25048,0
25049,1
25050,1
25051,1
25052,0
25053,1
25054,1
25055,1
25056,1
25057,1
25058,1
25059,1
25060,0
25061,1
25062,1
25063,0
25064,1
25065,1
25066,1
25067,1
25068,1
25069,1
25070,1
25071,0
25072,1
25073,1
25074,1
25075,0
25076,0
25077,1
25078,0
25079,1
25080,1
25081,1
25082,1
25083,0
25084,1
25085,1
25086,0
25087,1
25088,1
25089,1
25090,1
25091,1
25092,1
25093,1
25094,1
25095,0
25096,1
25097,1
25098,0
25099,1
25100,0
25101,1
25102,0
25103,0
25104,0
25105,1
25106,0
25107,0
25108,1
25109,0
25110,1
25111,0
25112,1
25113,0
25114,0
25115,0
25116,0
25117,1
25118,1
25119,0
25120,1
25121,1
25122,1
25123,1
25124,0
25125,1
25126,1
25127,1
25128,1
25129,0
25130,0
25131,1
25132,1
25133,1
25134,0
25135,0
25136,1
25137,1
25138,1
25139,1
25140,1
25141,1
25142,0
25143,0
25144,0
25145,1
25146,1
25147,1
25148,1
25149,1
25150,1
25151,0
25152,1
25153,0
25154,1
25155,1
25156,0
25157,0
25158,1
25159,0
25160,0
25161,1
25162,0
25163,1
25164,1
25165,0
25166,1
25167,1
25168,0
25169,0
25170,1
25171,1
25172,1
25173,0
25174,1
25175,1
25176,0
25177,1
25178,1
25179,0
25180,1
25181,1
25182,1
25183,0
25184,1
25185,1
25186,1
25187,1
25188,0
25189,0
25190,0
25191,1
25192,1
25193,1
25194,1
25195,1
25196,1
25197,1
25198,1
25199,0
25200,0
25201,1
25202,0
25203,1
25204,1
25205,1
25206,0
25207,0
25208,1
25209,0
25210,1
25211,1
25212,0
25213,1
25214,1
25215,0
25216,1
25217,1
25218,1
25219,1
25220,1
25221,0
25222,0
25223,0
25224,0
25225,1
25226,1
25227,0
25228,0
25229,1
25230,1
25231,1
25232,1
25233,0
25234,1
25235,1
25236,0
25237,1
25238,0
25239,1
25240,1
25241,1
25242,0
25243,0
25244,0
25245,1
25246,0
25247,1
25248,1
25249,1
25250,1
25251,1
25252,1
25253,1
25254,0
25255,1
25256,1
25257,1
25258,1
25259,1
25260,0
25261,1
25262,1
25263,0
25264,1
25265,0
25266,1
25267,1
25268,0
25269,1
25270,1
25271,0
25272,0
25273,0
25274,0
25275,1
25276,1
25277,1
25278,0
25279,0
25280,0
25281,1
25282,1
25283,0
25284,0
25285,1
25286,1
25287,0
25288,1
25289,1
25290,0
25291,1
25292,0
25293,0
25294,1
25295,1
25296,1
25297,0
25298,1
25299,1
25300,0
25301,1
25302,1
25303,0
25304,0
25305,1
25306,1
25307,1
25308,0
25309,0
25310,0
25311,1
25312,0
25313,1
25314,1
25315,1
25316,0
25317,1
25318,1
25319,1
25320,1
25321,1
25322,1
25323,0
25324,0
25325,1
25326,0
25327,0
25328,0
25329,1
25330,1
25331,1
25332,1
25333,1
25334,0
25335,1
25336,1
25337,1
25338,0
25339,1
25340,1
25341,0
25342,0
25343,0
25344,1
25345,0
25346,0
25347,0
25348,0
25349,1
25350,1
25351,0
25352,1
25353,1
25354,1
25355,0
25356,1
25357,1
25358,1
25359,1
25360,0
25361,1
25362,0
25363,0
25364,1
25365,0
25366,0
25367,1
25368,1
25369,1
25370,1
25371,0
25372,0
25373,1
25374,0
25375,1
25376,0
25377,0
25378,0
25379,0
25380,1
25381,0
25382,0
25383,0
25384,1
25385,1
25386,1
25387,0
25388,0
25389,1
25390,0
25391,0
25392,1
25393,1
25394,0
25395,0
25396,0
25397,0
25398,1
25399,1
25400,1
25401,0
25402,1
25403,1
25404,0
25405,1
25406,1
25407,0
25408,1
25409,1
25410,1
25411,1
25412,1
25413,1
25414,0
25415,0
25416,0
25417,0
25418,1
25419,0
25420,1
25421,1
25422,1
25423,0
25424,1
25425,0
25426,1
25427,1
25428,0
25429,1
25430,1
25431,0
25432,0
25433,1
25434,1
25435,1
25436,0
25437,0
25438,0
25439,1
25440,1
25441,0
25442,1
25443,1
25444,1
25445,0
25446,0
25447,1
25448,0
25449,1
25450,0
25451,1
25452,0
25453,0
25454,1
25455,0
25456,1
25457,1
25458,1
25459,0
25460,0
25461,1
25462,1
25463,1
25464,1
25465,1
25466,1
25467,1
25468,1
25469,1
25470,0
25471,1
25472,1
25473,1
25474,0
25475,0
25476,0
25477,1
25478,1
25479,1
25480,1
25481,1
25482,1
25483,0
25484,1
25485,0
25486,1
25487,1
25488,0
25489,1
25490,1
25491,0
25492,1
25493,1
25494,0
25495,0
25496,1
25497,0
25498,0
25499,1
25500,1
25501,1
25502,1
25503,0
25504,0
25505,0
25506,1
25507,1
25508,0
25509,0
25510,1
25511,1
25512,0
25513,1
25514,0
25515,1
25516,0
25517,1
25518,1
25519,1
25520,1
25521,0
25522,1
25523,1
25524,1
25525,1
25526,1
25527,0
25528,0
25529,1
25530,0
25531,0
25532,1
25533,0
25534,0
25535,1
25536,1
25537,0
25538,1
25539,0
25540,1
25541,0
25542,0
25543,0
25544,1
25545,0
25546,1
25547,1
25548,0
25549,0
25550,1
25551,1
25552,1
25553,1
25554,0
25555,0
25556,0
25557,0
25558,1
25559,1
25560,1
25561,1
25562,1
25563,1
25564,0
25565,0
25566,0
25567,1
25568,1
25569,1
25570,1
25571,1
25572,1
25573,1
25574,0
25575,1
25576,1
25577,0
25578,1
25579,0
25580,1
25581,1
25582,0
25583,1
25584,1
25585,1
25586,1
25587,1
25588,0
25589,1
25590,0
25591,1
25592,1
25593,1
25594,1
25595,1
25596,1
25597,1
25598,1
25599,1
25600,1
25601,0
25602,0
25603,0
25604,0
25605,1
25606,1
25607,1
25608,1
25609,0
25610,0
25611,0
25612,1
25613,0
25614,1
25615,0
25616,0
25617,1
25618,1
25619,0
25620,0
25621,0
25622,1
25623,1
25624,1
25625,1
25626,1
25627,1
25628,1
25629,1
25630,0
25631,1
25632,1
25633,1
25634,0
25635,1
25636,1
25637,0
25638,1
25639,1
25640,1
25641,1
25642,1
25643,1
25644,0
25645,1
25646,1
25647,0
25648,0
25649,1
25650,1
25651,0
25652,1
25653,1
25654,0
25655,0
25656,1
25657,0
25658,1
25659,1
25660,0
25661,0
25662,1
25663,0
25664,0
25665,0
25666,0
25667,0
25668,0
25669,0
25670,0
25671,0
25672,1
25673,0
25674,1
25675,0
25676,0
25677,0
25678,1
25679,0
25680,0
25681,1
25682,0
25683,0
25684,0
25685,1
25686,0
25687,0
25688,1
25689,0
25690,1
25691,1
25692,0
25693,1
25694,1
25695,1
25696,0
25697,1
25698,1
25699,1
25700,1
25701,1
25702,1
25703,0
25704,0
25705,0
25706,0
25707,1
25708,1
25709,1
25710,1
25711,1
25712,1
25713,1
25714,1
25715,1
25716,0
25717,0
25718,1
25719,0
25720,1
25721,1
25722,0
25723,1
25724,1
25725,1
25726,1
25727,1
25728,0
25729,1
25730,0
25731,1
25732,1
25733,1
25734,1
25735,1
25736,0
25737,0
25738,0
25739,1
25740,1
25741,1
25742,0
25743,0
25744,0
25745,1
25746,1
25747,0
25748,1
25749,0
25750,0
25751,1
25752,1
25753,1
25754,1
25755,1
25756,1
25757,0
25758,0
25759,0
25760,0
25761,1
25762,1
25763,1
25764,1
25765,1
25766,1
25767,0
25768,0
25769,0
25770,1
25771,0
25772,0
25773,0
25774,1
25775,0
25776,0
25777,0
25778,1
25779,0
25780,1
25781,1
25782,1
25783,1
25784,0
25785,0
25786,0
25787,1
25788,1
25789,1
25790,0
25791,1
25792,1
25793,1
25794,1
25795,1
25796,0
25797,1
25798,0
25799,1
25800,1
25801,0
25802,0
25803,0
25804,0
25805,1
25806,1
25807,1
25808,1
25809,1
25810,1
25811,1
25812,0
25813,1
25814,1
25815,1
25816,0
25817,1
25818,0
25819,1
25820,0
25821,1
25822,0
25823,1
25824,1
25825,0
25826,1
25827,1
25828,1
25829,1
25830,0
25831,1
25832,0
25833,1
25834,1
25835,1
25836,1
25837,1
25838,0
25839,1
25840,0
25841,0
25842,1
25843,1
25844,1
25845,1
25846,1
25847,0
25848,0
25849,1
25850,1
25851,0
25852,1
25853,1
25854,0
25855,0
25856,1
25857,1
25858,1
25859,0
25860,0
25861,0
25862,0
25863,1
25864,0
25865,1
25866,1
25867,1
25868,0
25869,0
25870,0
25871,1
25872,0
25873,0
25874,1
25875,1
25876,1
25877,0
25878,1
25879,0
25880,0
25881,1
25882,0
25883,0
25884,0
25885,1
25886,1
25887,1
25888,1
25889,1
25890,0
25891,1
25892,1
25893,1
25894,0
25895,1
25896,1
25897,0
25898,1
25899,1
25900,1
25901,0
25902,1
25903,0
25904,1
25905,1
25906,0
25907,0
25908,1
25909,0
25910,0
25911,1
25912,1
25913,0
25914,1
25915,1
25916,1
25917,0
25918,0
25919,1
25920,1
25921,1
25922,1
25923,1
25924,0
25925,0
25926,1
25927,1
25928,0
25929,1
25930,0
25931,1
25932,1
25933,1
25934,0
25935,1
25936,1
25937,1
25938,0
25939,1
25940,1
25941,1
25942,1
25943,1
25944,1
25945,0
25946,1
25947,1
25948,1
25949,1
25950,1
25951,0
25952,1
25953,1
25954,1
25955,0
25956,1
25957,1
25958,1
25959,1
25960,0
25961,1
25962,0
25963,1
25964,0
25965,1
25966,1
25967,1
25968,0
25969,0
25970,1
25971,1
25972,1
25973,0
25974,1
25975,0
25976,1
25977,1
25978,1
25979,0
25980,0
25981,1
25982,0
25983,1
25984,0
25985,0
25986,1
25987,1
25988,0
25989,1
25990,1
25991,0
25992,1
25993,0
25994,1
25995,0
25996,0
25997,1
25998,1
25999,0
